{
    "n_elements": 25,
    "L": 0.35,
    "disk_radius": 0.03,
    "disk_thickness": 0.01,
    "density_TPU": 1180.0,
    "area_spine": 2.5e-05,
    "alpha_c": 1.3333333333333333,
    "E_module": 5000000.0,
    "G_module": 7200000.0,
    "area_disk": 0.0028274333882308137,
    "disk_mass": 0.0333637139811236,
    "segment_length": 0.013999999999999999,
    "r_spine": 0.0028209479177387815,
    "Ixx": 7.784866595595507e-06,
    "Iyy": 7.784866595595507e-06,
    "Izz": 1.501367129150562e-05,
    "Ix": 4.9735919716217303e-11,
    "Iy": 4.9735919716217303e-11,
    "Ixy": 4.9735919716217303e-11,
    "moment_inertia": [
        7.784866595595507e-06,
        7.784866595595507e-06,
        1.501367129150562e-05
    ],
    "k_s": [
        240.0,
        240.0,
        125.0
    ],
    "k_t": [
        0.0002486795985810865,
        0.0002486795985810865,
        0.00035809862195676457
    ],
    "spring_damp": [1.5, 1.5, 1.6],
    "tor_spring_damp": [7e-05, 7e-05, 0.0002]
}
